<?xml version="1.0"?>
<AmbienceSaveValues xmlns:xsi="http://www.w3.org/2001/XMLSchema-instance" xmlns:xsd="http://www.w3.org/2001/XMLSchema">

  <special_info>
  </special_info>

  <sections>

    <!--FOREST#############################################################-->
    <!--Forest screen 1-->
    <AmbienceSave>
      <!--starts section-->
      <ambience>
        <Ambience>
          <!--starts a sound-->
          <name>towers 1</name>
          <!--name of file-->
          <volume>0.85</volume>
        </Ambience>
        <!--ends a sound-->

        <!--ends a sound-->
      </ambience>

      <screens>1</screens>
    </AmbienceSave>
    <!--ends section-->
	
  </sections>
</AmbienceSaveValues>