<?xml version="1.0"?>
<MerchantSettings xmlns:xsi="http://www.w3.org/2001/XMLSchema-instance" xmlns:xsd="http://www.w3.org/2001/XMLSchema">

  <sale_item>Tunic</sale_item>
  <currency_type>Shroom</currency_type>
  <price_increase>9</price_increase>
  <easteregg_amount>420</easteregg_amount>

  <sale_achievements>
    <SaleAchievement>
      <sell_amount>9</sell_amount>
      <code>PURCHASE_SCHOLAR_TUNIC</code>
    </SaleAchievement>
  </sale_achievements>

  <sale_lines>
    <OldManQuote>
      <lines>
        <!--string>Hey dude!</string-->
      </lines>
    </OldManQuote>

   </sale_lines>

  <easteregg_lines>
	<OldManQuote>
      <lines>
        <string>Blaze it, bro!</string>
      </lines>
    </OldManQuote>
  </easteregg_lines>

  <sell_quote>
    <lines>
      <string>OWL_SHROOM_GUY_QUOTES_GOT_THE_SHROOMS_LINE_0</string>
      <string>OWL_SHROOM_GUY_QUOTES_GOT_THE_SHROOMS_LINE_1</string>
      <string>OWL_SHROOM_GUY_QUOTES_GOT_THE_SHROOMS_LINE_2</string>
      <string>OWL_SHROOM_GUY_QUOTES_GOT_THE_SHROOMS_LINE_3</string>
      <string>OWL_SHROOM_GUY_QUOTES_GOT_THE_SHROOMS_LINE_4</string>
      <string>OWL_SHROOM_GUY_QUOTES_GOT_THE_SHROOMS_LINE_5</string>
      <string>OWL_SHROOM_GUY_QUOTES_GOT_THE_SHROOMS_LINE_6</string>
      <string>OWL_SHROOM_GUY_QUOTES_GOT_THE_SHROOMS_LINE_7</string>
    </lines>
  </sell_quote>

  <sold_lines>

    <OldManQuote>
      <lines>
        <string>OWL_SHROOM_GUY_QUOTES_FELLOW_SCHOLAR_LINE_0</string>
      </lines>
    </OldManQuote>

    <OldManQuote>
      <lines>
        <string>OWL_SHROOM_GUY_QUOTES_COLLEAGUE_BRO_LINE_0</string>
      </lines>
    </OldManQuote>

    <OldManQuote>
      <lines>
        <string>OWL_SHROOM_GUY_QUOTES_ESTEEMED_DUDE_LINE_0</string>
      </lines>
    </OldManQuote>

  </sold_lines>

  <no_gold_lines>

    <OldManQuote>
      <lines>
        
      </lines>
    </OldManQuote>

  </no_gold_lines>
  

  <!-- _________________________________________________________________________________ -->

  <settings>
  <!-- ??? -->
  <name>owl_chars/owl_shroom_guy</name>
  <sprite_cells>
    <X>5</X>
    <Y>2</Y>
  </sprite_cells>
  <random_count>4</random_count>
  <position>
    <X>113</X>
    <Y>192</Y>
  </position>
  <home_screen>160</home_screen>
  <font>Default</font>

  <talk_animation>
    <frames>
      <AnimationFrame>
        <sprite_index>8</sprite_index>
        <duration>0.2</duration>
      </AnimationFrame>
      <AnimationFrame>
        <sprite_index>9</sprite_index>
        <duration>0.2</duration>
      </AnimationFrame>
    </frames>
  </talk_animation>

  <busy_animation>
    <frames>
      <AnimationFrame>
        <sprite_index>0</sprite_index>
        <duration>1</duration>
      </AnimationFrame>
      <AnimationFrame>
        <sprite_index>3</sprite_index>
        <duration>1.2</duration>
      </AnimationFrame>

      <AnimationFrame>
        <sprite_index>6</sprite_index>
        <duration>0.3</duration>
      </AnimationFrame>
      <AnimationFrame>
        <sprite_index>7</sprite_index>
        <duration>0.3</duration>
      </AnimationFrame>
      <AnimationFrame>
        <sprite_index>6</sprite_index>
        <duration>0.3</duration>
      </AnimationFrame>
      <AnimationFrame>
        <sprite_index>7</sprite_index>
        <duration>0.3</duration>
      </AnimationFrame>
      <AnimationFrame>
        <sprite_index>6</sprite_index>
        <duration>0.3</duration>
      </AnimationFrame>
      <AnimationFrame>
        <sprite_index>7</sprite_index>
        <duration>0.3</duration>
      </AnimationFrame>
      <AnimationFrame>
        <sprite_index>6</sprite_index>
        <duration>0.3</duration>
      </AnimationFrame>
      <AnimationFrame>
        <sprite_index>7</sprite_index>
        <duration>0.3</duration>
      </AnimationFrame>

      <AnimationFrame>
        <sprite_index>0</sprite_index>
        <duration>3</duration>
      </AnimationFrame>

      <AnimationFrame>
        <sprite_index>4</sprite_index>
        <duration>0.3</duration>
      </AnimationFrame>
      <AnimationFrame>
        <sprite_index>5</sprite_index>
        <duration>0.4</duration>
      </AnimationFrame>
      <AnimationFrame>
        <sprite_index>4</sprite_index>
        <duration>0.3</duration>
      </AnimationFrame>
      <AnimationFrame>
        <sprite_index>5</sprite_index>
        <duration>0.4</duration>
      </AnimationFrame>
      <AnimationFrame>
        <sprite_index>4</sprite_index>
        <duration>0.3</duration>
      </AnimationFrame>
      <AnimationFrame>
        <sprite_index>5</sprite_index>
        <duration>0.4</duration>
      </AnimationFrame>
      <AnimationFrame>
        <sprite_index>4</sprite_index>
        <duration>0.3</duration>
      </AnimationFrame>
      <AnimationFrame>
        <sprite_index>5</sprite_index>
        <duration>0.4</duration>
      </AnimationFrame>
      <AnimationFrame>
        <sprite_index>4</sprite_index>
        <duration>0.3</duration>
      </AnimationFrame>
      <AnimationFrame>
        <sprite_index>5</sprite_index>
        <duration>0.4</duration>
      </AnimationFrame>
      <AnimationFrame>
        <sprite_index>4</sprite_index>
        <duration>0.3</duration>
      </AnimationFrame>
      <AnimationFrame>
        <sprite_index>5</sprite_index>
        <duration>0.4</duration>
      </AnimationFrame>


      <AnimationFrame>
        <sprite_index>0</sprite_index>
        <duration>1</duration>
      </AnimationFrame>

      <AnimationFrame>
        <sprite_index>1</sprite_index>
        <duration>1.4</duration>
      </AnimationFrame>
      <AnimationFrame>
        <sprite_index>0</sprite_index>
        <duration>0.8</duration>
      </AnimationFrame>
      <AnimationFrame>
        <sprite_index>1</sprite_index>
        <duration>1</duration>
      </AnimationFrame>
      <AnimationFrame>
        <sprite_index>2</sprite_index>
        <duration>3</duration>
      </AnimationFrame>
      <AnimationFrame>
        <sprite_index>0</sprite_index>
        <duration>2</duration>
      </AnimationFrame>
      <AnimationFrame>
        <sprite_index>2</sprite_index>
        <duration>1</duration>
      </AnimationFrame>

      <AnimationFrame>
        <sprite_index>3</sprite_index>
        <duration>3</duration>
      </AnimationFrame>

    </frames>
  </busy_animation>

  <bubble_format>
    <direction>Right</direction>
    <anchor>
      <X>Left</X>
      <Y>Down</Y>
    </anchor>
    <width>160</width>
  </bubble_format>

  <trigger_box>
    <screen_rect>
      <X>80</X>
      <Y>176</Y>
      <Width>144</Width>
      <Height>20</Height>
    </screen_rect>
  </trigger_box>

  <talk_delay>1</talk_delay>
  <talking_speed>0.05</talking_speed>

  <intro_quote>
    <lines>
      <string>OWL_SHROOM_GUY_QUOTES_TRUE_SCHOLARS_ONLY_LINE_0</string>
      <string>OWL_SHROOM_GUY_QUOTES_TRUE_SCHOLARS_ONLY_LINE_1</string>
      <string>OWL_SHROOM_GUY_QUOTES_TRUE_SCHOLARS_ONLY_LINE_2</string>
      <string>OWL_SHROOM_GUY_QUOTES_TRUE_SCHOLARS_ONLY_LINE_3</string>
      <string>OWL_SHROOM_GUY_QUOTES_TRUE_SCHOLARS_ONLY_LINE_4</string>
      <string>OWL_SHROOM_GUY_QUOTES_TRUE_SCHOLARS_ONLY_LINE_5</string>
      <string>OWL_SHROOM_GUY_QUOTES_TRUE_SCHOLARS_ONLY_LINE_6</string>
      <string>OWL_SHROOM_GUY_QUOTES_TRUE_SCHOLARS_ONLY_LINE_7</string>
      <string>OWL_SHROOM_GUY_QUOTES_TRUE_SCHOLARS_ONLY_LINE_8</string>
      <string>OWL_SHROOM_GUY_QUOTES_TRUE_SCHOLARS_ONLY_LINE_9</string>
      <string>OWL_SHROOM_GUY_QUOTES_TRUE_SCHOLARS_ONLY_LINE_10</string>
      <string>OWL_SHROOM_GUY_QUOTES_TRUE_SCHOLARS_ONLY_LINE_11</string>
      <string>OWL_SHROOM_GUY_QUOTES_TRUE_SCHOLARS_ONLY_LINE_12</string>
    </lines>
  </intro_quote>

  <flag_quotes>
    <!--OldManFlagQuote>
      <flag>CompletedNBP</flag>
      <quotes>
        <OldManQuote>
          <lines>
              <string>OWL_SHROOM_GUY_QUOTES_YOU_AGAIN_LINE_0</string>
              <string>OWL_SHROOM_GUY_QUOTES_YOU_AGAIN_LINE_1</string>
              <string>OWL_SHROOM_GUY_QUOTES_YOU_AGAIN_LINE_2</string>
              <string>OWL_SHROOM_GUY_QUOTES_YOU_AGAIN_LINE_3</string>
          </lines>
        </OldManQuote>
      </quotes>
    </OldManFlagQuote-->
  </flag_quotes>

  <achievements>
  </achievements>

  <looping_lines>
    
    <OldManQuote>
      <lines>
        <string>OWL_SHROOM_GUY_QUOTES_HOLE_STERING_AT_ME_LINE_0</string>
      </lines>
    </OldManQuote>
    
    <OldManQuote>
      <lines>
        <string>OWL_SHROOM_GUY_QUOTES_TOTTALLY_MESSES_UP_LINE_0</string>
      </lines>
    </OldManQuote>
    
    <OldManQuote>
      <lines>
        <string>OWL_SHROOM_GUY_QUOTES_UTS_UP_TO_SOMETHING_LINE_0</string>
      </lines>
    </OldManQuote>
    
    <OldManQuote>
      <lines>
        <string>OWL_SHROOM_GUY_QUOTES_MIND_BOGGLING_LINE_0</string>
      </lines>
    </OldManQuote>

  </looping_lines>

  <screens>

    <OldManScreen>
      <screen>160</screen>
      <quotes>

        <OldManQuote>
          <lines>
            <string></string>         
          </lines>
        </OldManQuote>

        <OldManQuote>
          <lines>
            <string>OWL_SHROOM_GUY_QUOTES_DONT_STARE_TO_LONG_LINE_0</string>
            <string>OWL_SHROOM_GUY_QUOTES_DONT_STARE_TO_LONG_LINE_1</string>
            <string>OWL_SHROOM_GUY_QUOTES_DONT_STARE_TO_LONG_LINE_2</string>
            <string>OWL_SHROOM_GUY_QUOTES_DONT_STARE_TO_LONG_LINE_3</string>          
          </lines>
        </OldManQuote>

        <OldManQuote>
          <lines>
            <string>OWL_SHROOM_GUY_QUOTES_STRANGE_PHENOMENON_LINE_0</string>
            <string>OWL_SHROOM_GUY_QUOTES_STRANGE_PHENOMENON_LINE_1</string>
            <string>OWL_SHROOM_GUY_QUOTES_STRANGE_PHENOMENON_LINE_2</string>
            <string>OWL_SHROOM_GUY_QUOTES_STRANGE_PHENOMENON_LINE_3</string>          
          </lines>
        </OldManQuote>

        <OldManQuote>
          <lines>
            <string>OWL_SHROOM_GUY_QUOTES_NICE_MUSHROOM_LINE_0</string>          
          </lines>
        </OldManQuote>

        <OldManQuote>
          <lines>
            <string>OWL_SHROOM_GUY_QUOTES_WAY_TOO_SPICY_LINE_0</string>
            <string>OWL_SHROOM_GUY_QUOTES_WAY_TOO_SPICY_LINE_1</string>
            <string>OWL_SHROOM_GUY_QUOTES_WAY_TOO_SPICY_LINE_2</string>
            <string>OWL_SHROOM_GUY_QUOTES_WAY_TOO_SPICY_LINE_3</string>          
          </lines>
        </OldManQuote>

        <OldManQuote>
          <lines>
            <string>OWL_SHROOM_GUY_QUOTES_A_TRUE_SCHOLER_LINE_0</string>
            <string>OWL_SHROOM_GUY_QUOTES_A_TRUE_SCHOLER_LINE_1</string>          
          </lines>
        </OldManQuote>

        <OldManQuote>
          <lines>
            <string>OWL_SHROOM_GUY_QUOTES_THE_HOLE_IS_CALLING_LINE_0</string>
            <string>OWL_SHROOM_GUY_QUOTES_THE_HOLE_IS_CALLING_LINE_1</string>
            <string>OWL_SHROOM_GUY_QUOTES_THE_HOLE_IS_CALLING_LINE_2</string>
            <string>OWL_SHROOM_GUY_QUOTES_THE_HOLE_IS_CALLING_LINE_3</string>
            <string>OWL_SHROOM_GUY_QUOTES_THE_HOLE_IS_CALLING_LINE_4</string>          
          </lines>
        </OldManQuote>

        <OldManQuote>
          <lines>
            <string>OWL_SHROOM_GUY_QUOTES_HOLE_NOT_ALLOWED_LINE_0</string>
            <string>OWL_SHROOM_GUY_QUOTES_HOLE_NOT_ALLOWED_LINE_1</string>
            <string>OWL_SHROOM_GUY_QUOTES_HOLE_NOT_ALLOWED_LINE_2</string>
            <string>OWL_SHROOM_GUY_QUOTES_HOLE_NOT_ALLOWED_LINE_3</string>
            <string>OWL_SHROOM_GUY_QUOTES_HOLE_NOT_ALLOWED_LINE_4</string>          
          </lines>
        </OldManQuote>

        <OldManQuote>
          <lines>
            <string>OWL_SHROOM_GUY_QUOTES_DUMP_THE_SHROOMS_LINE_0</string>
            <string>OWL_SHROOM_GUY_QUOTES_DUMP_THE_SHROOMS_LINE_1</string>
            <string>OWL_SHROOM_GUY_QUOTES_DUMP_THE_SHROOMS_LINE_2</string>
            <string>OWL_SHROOM_GUY_QUOTES_DUMP_THE_SHROOMS_LINE_3</string>          
          </lines>
        </OldManQuote>

        <OldManQuote>
          <lines>
            <string>OWL_SHROOM_GUY_QUOTES_REMEMBER_YOUR_RESEARCH_LINE_0</string>
            <string>OWL_SHROOM_GUY_QUOTES_REMEMBER_YOUR_RESEARCH_LINE_1</string>
            <string>OWL_SHROOM_GUY_QUOTES_REMEMBER_YOUR_RESEARCH_LINE_2</string>
            <string>OWL_SHROOM_GUY_QUOTES_REMEMBER_YOUR_RESEARCH_LINE_3</string>          
          </lines>
        </OldManQuote>

        <OldManQuote>
          <lines>
            <string>OWL_SHROOM_GUY_QUOTES_HOLE_AND_NIGHT_SKY_LINE_0</string>
            <string>OWL_SHROOM_GUY_QUOTES_HOLE_AND_NIGHT_SKY_LINE_1</string>
            <string>OWL_SHROOM_GUY_QUOTES_HOLE_AND_NIGHT_SKY_LINE_2</string>
            <string>OWL_SHROOM_GUY_QUOTES_HOLE_AND_NIGHT_SKY_LINE_3</string>          
          </lines>
        </OldManQuote>

        <OldManQuote>
          <lines>
            <string>OWL_SHROOM_GUY_QUOTES_OLD_FAIRY_TALE_LINE_0</string>
            <string>OWL_SHROOM_GUY_QUOTES_OLD_FAIRY_TALE_LINE_1</string>
            <string>OWL_SHROOM_GUY_QUOTES_OLD_FAIRY_TALE_LINE_2</string>
            <string>OWL_SHROOM_GUY_QUOTES_OLD_FAIRY_TALE_LINE_3</string>          
          </lines>
        </OldManQuote>

        <OldManQuote>
          <lines>
            <string>OWL_SHROOM_GUY_QUOTES_I_FOUND_IT_SECRETS_LINE_0</string>
            <string>OWL_SHROOM_GUY_QUOTES_I_FOUND_IT_SECRETS_LINE_1</string>
            <string>OWL_SHROOM_GUY_QUOTES_I_FOUND_IT_SECRETS_LINE_2</string>
            <string>OWL_SHROOM_GUY_QUOTES_I_FOUND_IT_SECRETS_LINE_3</string>
            <string>OWL_SHROOM_GUY_QUOTES_I_FOUND_IT_SECRETS_LINE_4</string>
            <string>OWL_SHROOM_GUY_QUOTES_I_FOUND_IT_SECRETS_LINE_5</string>          
          </lines>
        </OldManQuote>

        <OldManQuote>
          <lines>
            <string>OWL_SHROOM_GUY_QUOTES_JUST_AS_I_SUSPECTED_LINE_0</string>
            <string>OWL_SHROOM_GUY_QUOTES_JUST_AS_I_SUSPECTED_LINE_1</string>
            <string>OWL_SHROOM_GUY_QUOTES_JUST_AS_I_SUSPECTED_LINE_2</string>
            <string>OWL_SHROOM_GUY_QUOTES_JUST_AS_I_SUSPECTED_LINE_3</string>          
          </lines>
        </OldManQuote>

      </quotes>
    </OldManScreen>

  </screens>
  </settings>
</MerchantSettings>