<?xml version="1.0"?>
<OldManSettings xmlns:xsi="http://www.w3.org/2001/XMLSchema-instance" xmlns:xsd="http://www.w3.org/2001/XMLSchema">

  <!-- ??? -->
  <name>stoneman5</name>
  <sprite_cells>
    <X>2</X>
    <Y>1</Y>
  </sprite_cells>
  <random_count>1</random_count>
  <position>
    <X>32</X>
    <Y>312</Y>
  </position>
  <home_screen>69</home_screen>
  <font>Default</font>

  <talk_animation>
  	<frames>
  		<AnimationFrame>
  			<sprite_index>0</sprite_index>
  			<duration>0.2</duration>
  		</AnimationFrame>
  		<AnimationFrame>
  			<sprite_index>1</sprite_index>
  			<duration>0.2</duration>
  		</AnimationFrame>
  	</frames>
  </talk_animation>

  <busy_animation>
  	<frames>
  		<AnimationFrame>
  			<sprite_index>0</sprite_index>
  			<duration>1</duration>
  		</AnimationFrame>
  	</frames>
  </busy_animation>

  <bubble_format>
    <direction>Right</direction>
    <anchor>
      <X>Left</X>
      <Y>Down</Y>
    </anchor>
    <width>100</width>
  </bubble_format>

  <trigger_box>
    <screen_rect>
      <X>8</X>
      <Y>286</Y>
      <Width>60</Width>
      <Height>26</Height>
    </screen_rect>
  </trigger_box>

  <talk_delay>1</talk_delay>
  <talking_speed>0.09</talking_speed>

  <intro_quote>
  	<lines>
      <string>STONEMAN5_QUOTES_YOU_SHOULDNT_BE_HERE_LINE_0</string>
      <string>STONEMAN5_QUOTES_YOU_SHOULDNT_BE_HERE_LINE_1</string>
      <string>STONEMAN5_QUOTES_YOU_SHOULDNT_BE_HERE_LINE_2</string>
  	</lines>
  </intro_quote>

  <!--victory_quote>
    <lines>
      <string>STONEMAN5_QUOTES_HIHIHI_LINE_0</string>
    </lines>
  </victory_quote-->

  <achievements>
  </achievements>

  <looping_lines>
    <OldManQuote>
      <lines>
        <string>STONEMAN5_QUOTES_KEEP_LOOKOUT_LINE_0</string>
        <string>STONEMAN5_QUOTES_KEEP_LOOKOUT_LINE_1</string>
        <string>STONEMAN5_QUOTES_KEEP_LOOKOUT_LINE_2</string>
      </lines>
    </OldManQuote>

    <OldManQuote>
      <lines>
        <string>STONEMAN5_QUOTES_BLUE_HELMET_LINE_0</string>
        <string>STONEMAN5_QUOTES_BLUE_HELMET_LINE_1</string>
        <string>STONEMAN5_QUOTES_BLUE_HELMET_LINE_2</string>
        <string>STONEMAN5_QUOTES_BLUE_HELMET_LINE_3</string>
        <string>STONEMAN5_QUOTES_BLUE_HELMET_LINE_4</string>
      </lines>
    </OldManQuote>
    
  </looping_lines>

  <screens>

    <!--OldManScreen>
      <screen>67</screen>
      <quotes>

        

      </quotes>
    </OldManScreen-->

  </screens>
</OldManSettings>

