<?xml version="1.0"?>
<OldManSettings xmlns:xsi="http://www.w3.org/2001/XMLSchema-instance" xmlns:xsd="http://www.w3.org/2001/XMLSchema">

  <!-- ??? -->
  <name>stoneman6</name>
  <sprite_cells>
    <X>2</X>
    <Y>1</Y>
  </sprite_cells>
  <random_count>1</random_count>
  <position>
    <X>458</X>
    <Y>240</Y>
  </position>
  <home_screen>69</home_screen>
  <font>Default</font>

  <talk_animation>
  	<frames>
  		<AnimationFrame>
  			<sprite_index>0</sprite_index>
  			<duration>0.2</duration>
  		</AnimationFrame>
  		<AnimationFrame>
  			<sprite_index>1</sprite_index>
  			<duration>0.2</duration>
  		</AnimationFrame>
  	</frames>
  </talk_animation>

  <busy_animation>
  	<frames>
  		<AnimationFrame>
  			<sprite_index>0</sprite_index>
  			<duration>1</duration>
  		</AnimationFrame>
  	</frames>
  </busy_animation>

  <bubble_format>
    <direction>Left</direction>
    <anchor>
      <X>Right</X>
      <Y>Down</Y>
    </anchor>
    <width>120</width>
  </bubble_format>

  <trigger_box>
    <screen_rect>
      <X>412</X>
      <Y>214</Y>
      <Width>60</Width>
      <Height>26</Height>
    </screen_rect>
  </trigger_box>

  <talk_delay>1</talk_delay>
  <talking_speed>0.09</talking_speed>

  <intro_quote>
  	<lines>
      <string>STONEMAN6_QUOTES_TALK_TO_MY_BROTHER_LINE_0</string>
      <string>STONEMAN6_QUOTES_TALK_TO_MY_BROTHER_LINE_1</string>
      <string>STONEMAN6_QUOTES_TALK_TO_MY_BROTHER_LINE_2</string>
  	</lines>
  </intro_quote>

  <!--victory_quote>
    <lines>
      <string>STONEMAN6_QUOTES_HIHIHI_LINE_0</string>
    </lines>
  </victory_quote-->

  <achievements>
  </achievements>

  <looping_lines>
    <OldManQuote>
      <lines>
        <string>STONEMAN6_QUOTES_USELESS_BROTHER_LINE_0</string>
        <string>STONEMAN6_QUOTES_USELESS_BROTHER_LINE_1</string>
        <string>STONEMAN6_QUOTES_USELESS_BROTHER_LINE_2</string>
        <string>STONEMAN6_QUOTES_USELESS_BROTHER_LINE_3</string>
      </lines>
    </OldManQuote>

    <OldManQuote>
      <lines>
        <string>STONEMAN6_QUOTES_STRAIGHTEN_UP_LINE_0</string>
        <string>STONEMAN6_QUOTES_STRAIGHTEN_UP_LINE_1</string>
        <string>STONEMAN6_QUOTES_STRAIGHTEN_UP_LINE_2</string>
      </lines>
    </OldManQuote>

    <OldManQuote>
      <lines>
        <string>STONEMAN6_QUOTES_THE_BABE_LINE_0</string>
        <string>STONEMAN6_QUOTES_THE_BABE_LINE_1</string>
        <string>STONEMAN6_QUOTES_THE_BABE_LINE_2</string>
      </lines>
    </OldManQuote>
  </looping_lines>

  <screens>

    <!--OldManScreen>
      <screen>67</screen>
      <quotes>

        

      </quotes>
    </OldManScreen-->

  </screens>
</OldManSettings>

