<?xml version="1.0"?>
<PropCollection xmlns:xsi="http://www.w3.org/2001/XMLSchema-instance" xmlns:xsd="http://www.w3.org/2001/XMLSchema">
  <Screen>0</Screen>

  <!-- Bonfire, DungeonTorch, Candle -->

  <Props>

    <PropData>
      <type>Bonfire</type>
      <Position>
        <X>0</X>
        <Y>0</Y>
      </Position>
    </PropData>

    <PropData>
      <type>Bonfire</type>
      <Position>
        <X>0</X>
        <Y>0</Y>
      </Position>
    </PropData>
  </Props>
  
</PropCollection>